mean_fit_time,std_fit_time,mean_score_time,std_score_time,param_clf__class_weight,param_clf__max_depth,param_clf__min_samples_leaf,params,split0_test_macro_f1,split1_test_macro_f1,split2_test_macro_f1,split3_test_macro_f1,split4_test_macro_f1,mean_test_macro_f1,std_test_macro_f1,rank_test_macro_f1,split0_train_macro_f1,split1_train_macro_f1,split2_train_macro_f1,split3_train_macro_f1,split4_train_macro_f1,mean_train_macro_f1,std_train_macro_f1,split0_test_accuracy,split1_test_accuracy,split2_test_accuracy,split3_test_accuracy,split4_test_accuracy,mean_test_accuracy,std_test_accuracy,rank_test_accuracy,split0_train_accuracy,split1_train_accuracy,split2_train_accuracy,split3_train_accuracy,split4_train_accuracy,mean_train_accuracy,std_train_accuracy,split0_test_weighted_f1,split1_test_weighted_f1,split2_test_weighted_f1,split3_test_weighted_f1,split4_test_weighted_f1,mean_test_weighted_f1,std_test_weighted_f1,rank_test_weighted_f1,split0_train_weighted_f1,split1_train_weighted_f1,split2_train_weighted_f1,split3_train_weighted_f1,split4_train_weighted_f1,mean_train_weighted_f1,std_train_weighted_f1,max_depth,min_samples_leaf,class_weight,gap
4.50466022491455,0.02057922629965039,0.6777783870697022,0.009321229652985076,,5,1,"{'clf__class_weight': None, 'clf__max_depth': 5, 'clf__min_samples_leaf': 1}",0.11175675881749325,0.1260150616215897,0.10768748811285343,0.10075598188582129,0.13989255679623094,0.11722156944679774,0.014022678830030267,29,0.21923247789204264,0.19731569402327523,0.18186325845616563,0.18408491972548977,0.2215272883315645,0.2008047276857076,0.016849398138130234,0.3518231186966641,0.41249514939852544,0.39891346526969346,0.3791230112533954,0.3973612727978269,0.38794320348322103,0.020948990607977405,1,0.45168800931315484,0.4449510136773693,0.4417499272480357,0.44155592200989424,0.45455427296537004,0.4468998290427648,0.005298941295500073,0.24664571634129323,0.28330251160601844,0.26023447161261426,0.2529446709856551,0.29201744521802464,0.2670289631527211,0.017602623480045567,15,0.36520617587660337,0.33179146709374413,0.3219847354846166,0.32614592595001834,0.35804095747821113,0.3406338523766387,0.017565214150079264,5,1,,0.08358315823890985
0.31420245170593264,0.004685465113258084,0.6619749546051026,0.01530502072054161,,5,5,"{'clf__class_weight': None, 'clf__max_depth': 5, 'clf__min_samples_leaf': 5}",0.11175675881749325,0.12654592706656656,0.10768748811285343,0.10068982428251853,0.13979704400807938,0.11729540845750223,0.014075723043339549,28,0.21898845788761445,0.19596152574074446,0.18118436097593796,0.18344345763007894,0.22122226219638078,0.20016001288615132,0.017060331570848408,0.3518231186966641,0.41288319751649205,0.39891346526969346,0.3787349631354288,0.3969732246798603,0.38786559385962777,0.021039550032628945,2,0.4514939852541715,0.4442719953438743,0.4412649141526821,0.4412649141526821,0.45397225725094575,0.4464536132308711,0.005301698046602371,0.24664571634129323,0.283928404846842,0.26023447161261426,0.25276424841837336,0.2918102548075413,0.2670766192053328,0.01769076675824983,14,0.36492102217754685,0.3307048355391153,0.3213273706241632,0.3260332480702335,0.35765025540533435,0.3401273463632786,0.017678490356339865,5,5,,0.08286460442864908
0.31914405822753905,0.010485158888011879,0.6396373271942138,0.012237295643815033,,5,20,"{'clf__class_weight': None, 'clf__max_depth': 5, 'clf__min_samples_leaf': 20}",0.11171742048819211,0.12677319883730825,0.10797456274850444,0.1003075544261365,0.1294520764386836,0.11524496258776498,0.011163966541264005,30,0.21506548873463144,0.18705549621559328,0.16760742246887958,0.17743011994315888,0.21985959288729287,0.1934036240499112,0.020640010877914446,0.3518231186966641,0.41288319751649205,0.39891346526969346,0.3760186263096624,0.38649592549476136,0.38522686665745465,0.02075768867971748,3,0.44761350407450523,0.43883984867591425,0.4360267727228635,0.4378698224852071,0.44931613153555144,0.4419332158988083,0.005435793867656618,0.2465983974277312,0.28414200679823376,0.26090752712666937,0.2515754839978931,0.2822590320134703,0.26509648947279957,0.015490829548809293,16,0.3604190447933939,0.32195278054007453,0.3107819344574507,0.32179926249826035,0.35265720019233654,0.3335220444963032,0.019380334874995225,5,20,,0.07815866146214623
0.4442470073699951,0.005808673118519352,0.6559195995330811,0.006172064161875445,,8,1,"{'clf__class_weight': None, 'clf__max_depth': 8, 'clf__min_samples_leaf': 1}",0.1072556306336316,0.14425596214640976,0.11248999496167555,0.11972585392508218,0.1616633117238191,0.12907815067812364,0.02064467692681618,24,0.37445217893127847,0.33522192033255754,0.29394461147953665,0.350493950910059,0.3394493481534289,0.3387124019613721,0.0262031225994367,0.35880527540729246,0.3981373690337602,0.3841676367869616,0.3721381451299961,0.39231664726426074,0.38111301472445425,0.014162374485661128,5,0.5277454404346139,0.5043166165486468,0.4963624017848482,0.5138228732175769,0.4984964594044039,0.5081487582780179,0.011515171862005503,0.2464562618827076,0.29984061600624284,0.26273504725545854,0.26885404067704083,0.31183665467727245,0.2779445240997444,0.024222266979150493,9,0.4632156110101489,0.4392110505376701,0.4158637832769862,0.4484227952177422,0.4334711953407849,0.44003688707666644,0.015720724918431933,8,1,,0.20963425128324845
0.44389848709106444,0.009297193983495596,0.6481074333190918,0.01324091013725544,,8,5,"{'clf__class_weight': None, 'clf__max_depth': 8, 'clf__min_samples_leaf': 5}",0.1072801261531606,0.14524552038205815,0.11253393001391229,0.12868738540043834,0.1569780798088327,0.1301450083516804,0.01888447388858585,23,0.37312540926822957,0.33074515998588094,0.29058883962484827,0.3467454101270887,0.3348188049260611,0.3352047247864217,0.026764826137304392,0.35880527540729246,0.40434613892122623,0.3841676367869616,0.3802871556072953,0.38804811796662786,0.3831308649378807,0.014663990672199092,4,0.526290259992239,0.5023765641672325,0.49451935202250463,0.5114948103598798,0.49500436511785817,0.5059370703319429,0.01189711177056695,0.2465260332558269,0.30180192493224095,0.26317825949623036,0.27940003302044353,0.3076618172214417,0.27971361358523666,0.022995335789648484,7,0.46167493038065305,0.4365786088914565,0.41325176040916445,0.44566475353856244,0.4298147851885863,0.4373969676816845,0.016117853408496075,8,5,,0.2050597164347413
0.4107840538024902,0.008801279800076469,0.6499216556549072,0.009260178868237694,,8,20,"{'clf__class_weight': None, 'clf__max_depth': 8, 'clf__min_samples_leaf': 20}",0.12537373028588109,0.13999556512216377,0.1442393518302966,0.14314117625876083,0.13276664127713833,0.1371032929548481,0.007101180148881899,20,0.3226905965905488,0.2946079050347836,0.2962262877474573,0.3393820193945129,0.3522112161307539,0.3210236049796113,0.022913635572131837,0.3762606671838635,0.3969732246798603,0.35584012417539773,0.37252619324796277,0.3674815677143966,0.3738163554002962,0.013469626552966185,6,0.509604190919674,0.486565137258706,0.4775438936851295,0.5080997186924047,0.508681734406829,0.4980989349925486,0.013415814886303048,0.25765329610928556,0.29394552849176225,0.2786494342422436,0.28881870717437236,0.28438932052852545,0.28069125730923783,0.012572378574887385,6,0.434219701553206,0.4117296990394436,0.41008331174366003,0.446621000205987,0.4422760910564216,0.4289859607197436,0.015297731404696107,8,20,,0.1839203120247632
0.5988824367523193,0.012825936039546628,0.6541804313659668,0.017230852257893333,,12,1,"{'clf__class_weight': None, 'clf__max_depth': 12, 'clf__min_samples_leaf': 1}",0.1063909612305464,0.14692735671634788,0.180015170323498,0.15486241080142613,0.15457221577810887,0.14855362296998548,0.023858700769536972,9,0.5350753242334084,0.47580887182297854,0.4741970816128397,0.5210023433278058,0.4820941852156256,0.49763556124253167,0.025357615917165885,0.35764158262218776,0.3682576639503298,0.37679472254559565,0.35467597982149784,0.36592937524253005,0.3646598648364282,0.007883461574549692,8,0.6212650368645712,0.5790086332330973,0.5768745756135416,0.6109224949073625,0.5774565913279659,0.5931054663893077,0.01906545423355489,0.2461079213266733,0.2876479413519436,0.3134405445938092,0.2973040188045735,0.2984092983456559,0.28858194488453115,0.022783838433481887,3,0.5875712625941568,0.5417978213126596,0.5398037048322354,0.5832041039727107,0.5349948467876291,0.5574743478998784,0.022939824341967216,12,1,,0.3490819382725462
0.5713885307312012,0.007768458474936849,0.6585903167724609,0.022666934550871543,,12,5,"{'clf__class_weight': None, 'clf__max_depth': 12, 'clf__min_samples_leaf': 5}",0.1096552674143154,0.14981618714395287,0.1783108394521173,0.14922650037020826,0.15482125159593427,0.14836600919530563,0.02208949073174602,10,0.5196532582135748,0.4652804949529131,0.46313640362993863,0.5079646496287185,0.4705016436839918,0.4853072900218273,0.02368471812371806,0.3603568657874321,0.37524253007372915,0.37563057819169576,0.3457508731082654,0.36437718277066355,0.3642716059863572,0.011024892820491516,9,0.6114668218859138,0.573673489184208,0.5701813948976623,0.6021922591909982,0.5694053739450965,0.5853838678207757,0.01781237171487037,0.25011623105507597,0.29071688587256206,0.3114965586718211,0.2897323128290502,0.2982655554642094,0.28806550877854376,0.02050858731098448,4,0.5760507034204824,0.5347146559124617,0.531681464680181,0.5731225976136788,0.5258470779051382,0.5482832999063884,0.021684706587396425,12,5,,0.3369412808265217
0.5249264717102051,0.006700405726817678,0.6495605945587158,0.012191330165935703,,12,20,"{'clf__class_weight': None, 'clf__max_depth': 12, 'clf__min_samples_leaf': 20}",0.1353366138497704,0.13953166298628572,0.17441744089811984,0.1544250255666413,0.16165473671480005,0.15307309600312344,0.014345776641027782,6,0.4326407192094548,0.4069587736053816,0.4036827060298851,0.4666280005277149,0.4631171402229143,0.43460546791907007,0.026693726600290266,0.3634600465477114,0.3775708187815289,0.38106325184322853,0.36592937524253005,0.36670547147846333,0.37094579277869244,0.0070062131529345295,7,0.5635428793170353,0.5469977689397614,0.5415656222718014,0.5721214472790765,0.5629061984673586,0.5574267832550066,0.01134640507131976,0.2703521349605172,0.2858577815838183,0.3191018954752194,0.3008834579115469,0.3126121241112287,0.2977614788084661,0.017768916346982792,1,0.5208726543648344,0.49888007829960507,0.49788339331006065,0.5375910118239661,0.5245040222379461,0.5159462320072825,0.01538519839563773,12,20,,0.2815323719159466
0.8789129734039307,0.00859036451506907,0.6450327873229981,0.011127533336263313,,20,1,"{'clf__class_weight': None, 'clf__max_depth': 20, 'clf__min_samples_leaf': 1}",0.11263007345641997,0.1357710931776768,0.1607571420863228,0.1375787417210023,0.15165001900511058,0.1396774138893065,0.016364110760952715,18,0.7141505768065758,0.6958572824481395,0.605165925770136,0.7030043056439362,0.6890450828010708,0.6814446346939717,0.039034422559442165,0.3456167571761055,0.3298409002716337,0.36360108653473033,0.34070624757469925,0.35584012417539773,0.34712102314651333,0.011744190226226338,11,0.7271051610399689,0.721020467552624,0.6706761082549229,0.7238335435056746,0.7031719856436124,0.7091614531993605,0.020951747438103435,0.24950637086638836,0.2682940691687298,0.29643935033200647,0.27832193617990136,0.2915632290229299,0.27682499111399117,0.016871652143124874,11,0.7177338368173825,0.7116126507724145,0.6501136439752502,0.7131770635009897,0.6885707300206162,0.6962415850173306,0.025185813238871976,20,1,,0.5417672208046651
0.8279435634613037,0.015649358911397807,0.6599922180175781,0.019464403263350572,,20,5,"{'clf__class_weight': None, 'clf__max_depth': 20, 'clf__min_samples_leaf': 5}",0.11510965062629795,0.1403499377132526,0.15893141836585004,0.13150393318194348,0.1527243262104206,0.1397238532195529,0.015567664522048717,17,0.6737219988506172,0.6590579494220129,0.573309629545476,0.6576521053281291,0.6531172733887481,0.6433717913069967,0.0357065790985233,0.3460046547711404,0.33488552580519987,0.36243694218083045,0.33993015133876603,0.35079549864183157,0.34681055454755366,0.009489567989861584,12,0.7000388048117967,0.6961877970705209,0.6487535163449413,0.6940537394509652,0.6793093413522165,0.6836686398060882,0.01881824234553698,0.25209604460101115,0.2741329582479458,0.2962611151387612,0.2753786297238231,0.290759819790402,0.27772571350038866,0.015419115805551498,10,0.6867111045325267,0.6834690351678155,0.625099444687551,0.6799398609547744,0.6616362882524603,0.6673711467190256,0.022851406751213,20,5,,0.5036479380874438
0.6952271461486816,0.020948862790141274,0.6550599575042725,0.018545068124617235,,20,20,"{'clf__class_weight': None, 'clf__max_depth': 20, 'clf__min_samples_leaf': 20}",0.15435870262707826,0.13834580172528668,0.1733453300395213,0.1423352020296661,0.1551176123831906,0.15270052976094858,0.012233542742424048,7,0.5277089726086349,0.49313814428240077,0.47938478357125097,0.5202333179002776,0.5092843893400242,0.5059499215405177,0.01765467973257323,0.35415050426687356,0.3496313542879317,0.37369033760186265,0.3321691889794334,0.3438106325184323,0.35069040353090675,0.013656188980211084,10,0.6176755917733799,0.5885148899020274,0.5878358715685323,0.6097584634785139,0.5952080706179067,0.5997985774680721,0.011918789036488454,0.2831101180318908,0.279996542721631,0.3134885421518609,0.28403914957894094,0.30250261313427845,0.29262739312372044,0.013088791718636077,2,0.5945433540241709,0.5585175431818175,0.55571514846578,0.5854893719788931,0.5687588756886329,0.5726048586678589,0.015138128121740205,20,20,,0.35324939177956904
2.1169528484344484,0.14047556304373413,0.6518038272857666,0.01395957456125918,,,1,"{'clf__class_weight': None, 'clf__max_depth': None, 'clf__min_samples_leaf': 1}",0.1314141097219552,0.13022953812725982,0.17200330448106357,0.14101100845485579,0.1534723647952752,0.14562606511608195,0.015605477516575705,13,1.0,1.0,1.0,1.0,1.0,1.0,0.0,0.2517455391776571,0.2339930151338766,0.30228948389600313,0.24835079549864184,0.2607683352735739,0.2594294337959505,0.02309790643814169,18,1.0,1.0,1.0,1.0,1.0,1.0,0.0,0.23882285915527812,0.22927320792753406,0.28759108604111994,0.24395230989269126,0.256995465665943,0.2513269857365133,0.02022040937578539,19,1.0,1.0,1.0,1.0,1.0,1.0,0.0,,1,,0.8543739348839181
1.6639771461486816,0.10731909239980095,0.6500307083129883,0.017161834880601193,,,5,"{'clf__class_weight': None, 'clf__max_depth': None, 'clf__min_samples_leaf': 5}",0.14483270792172767,0.13521154093036988,0.16870080061835552,0.14802301467650322,0.1614428893538213,0.15164219070015553,0.011970660876480627,8,0.8221561484763276,0.8286763858904866,0.8096233067051531,0.8177680265131789,0.8250133341883689,0.820647440354703,0.006566943617446026,0.26415826221877425,0.25184322856034147,0.2956926658905704,0.26775320139697323,0.28094683740783855,0.2720788390948996,0.015014531782675623,17,0.8491462941404734,0.858473178775827,0.8429527597245126,0.8483849063924725,0.8507129692501697,0.8499340216566911,0.005005641908207209,0.2483040699017485,0.24254861368219874,0.2809693574343276,0.2613544645052455,0.2749735354193797,0.26163000818857995,0.014790647856413291,17,0.8494584814281811,0.8582232479537155,0.8428755520562256,0.8485212316348498,0.851132577891047,0.8500422181928038,0.004942335165759248,,5,,0.6690052496545476
1.0279141902923583,0.1008477638766646,0.6651017665863037,0.019533098803758305,,,20,"{'clf__class_weight': None, 'clf__max_depth': None, 'clf__min_samples_leaf': 20}",0.16908283929838325,0.14469059132306175,0.18561397206220778,0.14289428115879005,0.1444086568534106,0.15733806813917067,0.01716518406887653,5,0.5671082457292386,0.5715828072357777,0.5551321719139682,0.5729326789175485,0.5630307965149909,0.5659573400623048,0.006440104649670829,0.2916989914662529,0.2910360884749709,0.33643771827706637,0.2739619712844393,0.28637951105937137,0.2959028561124202,0.021243961419383322,13,0.6414435389988359,0.6466194587253856,0.631196042293142,0.652245610631487,0.6365311863420312,0.6416071673981764,0.007382186974945607,0.27431700793580044,0.27036116593724985,0.3108256720994226,0.2638148731853616,0.27342475545623934,0.27854869492281475,0.016553466826939728,8,0.6339801845486469,0.638546075527176,0.6234311889638885,0.644744427419881,0.629539583777565,0.6340482920474315,0.007317012162312703,,20,,0.40861927192313413
0.3232417106628418,0.004858921671275252,0.6628705978393554,0.0176419050919489,balanced,5,1,"{'clf__class_weight': 'balanced', 'clf__max_depth': 5, 'clf__min_samples_leaf': 1}",0.11646689277608314,0.15714022404452935,0.1171155445728468,0.10372225639564651,0.12248249726902624,0.12338548301162641,0.017966743863452282,26,0.19471944971698266,0.19785523318370782,0.17697932070041494,0.2284334732150013,0.1879971408268387,0.19719692352858909,0.017179527061465562,0.230411171450737,0.2475746992627086,0.2561117578579744,0.21536670547147846,0.24408226620100892,0.23870932004878148,0.014311151359160737,21,0.31790842064415986,0.2785915219710932,0.26006402172858667,0.294305946260549,0.2843146764962654,0.2870369174201308,0.01903765160685099,0.2100437741265472,0.24689979588006394,0.22999806357866853,0.2066093557207501,0.2363938476078618,0.22598896738277832,0.01543642231476391,25,0.2973731384095069,0.2582675884109947,0.2367340807049484,0.2666869885722999,0.27804235616913625,0.2674208304533772,0.02017897189821582,5,1,balanced,0.07381144051696267
0.3234560489654541,0.004155056692028009,0.655336332321167,0.025680271945691325,balanced,5,5,"{'clf__class_weight': 'balanced', 'clf__max_depth': 5, 'clf__min_samples_leaf': 5}",0.11646689277608314,0.16456020134767385,0.1171155445728468,0.10372225639564651,0.12197606848241398,0.12476819271493285,0.020792334878866916,25,0.19471944971698266,0.1973959415130017,0.17639668241183878,0.22747495151367111,0.18698848896370762,0.19659510282384035,0.017076227272367985,0.230411171450737,0.25184322856034147,0.2561117578579744,0.21536670547147846,0.24253007372914243,0.23925258741393476,0.014847247431685048,20,0.31790842064415986,0.2782035114948104,0.25967601125230383,0.29401493840333687,0.283441652924629,0.2866489069438479,0.019186265404520543,0.2100437741265472,0.25079897708689447,0.22999806357866853,0.2066093557207501,0.23519573060689655,0.22652918022395135,0.016399593345397027,24,0.2973731384095069,0.25768212604256746,0.23622689065183114,0.2662630435502553,0.27697547096306224,0.26690413392344464,0.020279752193281694,5,5,balanced,0.0718269101089075
0.3113994598388672,0.0027984510859185834,0.6467917442321778,0.01528617030145755,balanced,5,20,"{'clf__class_weight': 'balanced', 'clf__max_depth': 5, 'clf__min_samples_leaf': 20}",0.11629989750181777,0.16185154243845187,0.1159081482816789,0.09234725039170948,0.12199837063323252,0.12168104184937811,0.022523428473698648,27,0.18225015737441116,0.20007795414342247,0.211426224073453,0.20858965427108966,0.1971506132416036,0.199898920620796,0.010271043441147312,0.22963537626066718,0.24951493985254172,0.24175397749320915,0.2048894062863795,0.25106713232440825,0.23537216644344117,0.017024611210685204,24,0.3104384943733023,0.28101658744786107,0.2677272286351732,0.2907168493549326,0.29246289649820545,0.28847241126189493,0.014067140384555055,0.2094471185988114,0.24769597854925737,0.2317972707126155,0.19647196950509985,0.23953165761059764,0.22498879899527635,0.019121816968297907,26,0.2873832006109807,0.2611546570998097,0.2613210358360219,0.26789601655149936,0.2836028195395785,0.2722715459275781,0.011130175333170502,5,20,balanced,0.07821787877141789
0.4546172618865967,0.005246881333181413,0.6568483352661133,0.01777673455967512,balanced,8,1,"{'clf__class_weight': 'balanced', 'clf__max_depth': 8, 'clf__min_samples_leaf': 1}",0.1163111292705519,0.15766238307492225,0.14907909253684073,0.12502152243002848,0.15679625128895677,0.14097407572026005,0.017072065040564025,16,0.26641757650103903,0.2974245745587635,0.28023685260020675,0.2956941413520559,0.31750905326791373,0.29145643965599577,0.01723449580167286,0.2152831652443755,0.2592161428017074,0.2479627473806752,0.21963523476911137,0.2452464105549088,0.23746874015015562,0.01705168328842409,23,0.3482731858750485,0.36017072460956445,0.31341546221747985,0.3368900960325929,0.34562033174895723,0.3408739600967286,0.015617182750481568,0.20318793934583357,0.27855563284955365,0.25771362143748716,0.230547045860262,0.2586036761385716,0.2457215831263416,0.02618094558622693,21,0.35096041094037933,0.35694230044333375,0.3246917692336938,0.3285350829642952,0.3514081270710165,0.3425075381305437,0.013203522484640665,8,1,balanced,0.15048236393573572
0.451704740524292,0.007429623941952982,0.6503447532653809,0.019595798556855865,balanced,8,5,"{'clf__class_weight': 'balanced', 'clf__max_depth': 8, 'clf__min_samples_leaf': 5}",0.11641448057676827,0.1686089367304024,0.14894595902228885,0.1300723949789251,0.15605746769482123,0.14401984780064117,0.018603128224357217,15,0.2626363872154199,0.29523310692767485,0.27618375626826996,0.2951705523069834,0.31388546508199916,0.2886218535600694,0.01763402914191009,0.2152831652443755,0.2630966239813737,0.2479627473806752,0.22390376406674428,0.24253007372914243,0.23855527488046224,0.017104591409683397,22,0.34439270469538225,0.357939664370938,0.3108933941216413,0.33601707246095647,0.34309826365311863,0.3384682198604073,0.01550518052462528,0.20354866278545933,0.2837393709921253,0.257783092439466,0.234443489254599,0.2565200061776936,0.24720692432986863,0.026840855278914093,20,0.3464544437861611,0.3545703357679352,0.321171454685741,0.32891431649227015,0.348619286512637,0.33994596744894884,0.01269360885538706,8,5,balanced,0.14460200575942825
0.42897233963012693,0.008426446635238782,0.6631484508514405,0.03153259391306207,balanced,8,20,"{'clf__class_weight': 'balanced', 'clf__max_depth': 8, 'clf__min_samples_leaf': 20}",0.09283427535382242,0.16638457707535365,0.13123164746882182,0.12336946690697889,0.14348533503809988,0.13146106036861532,0.02417349886176619,22,0.2451378205866254,0.30994050487414704,0.3211810360173558,0.3008401423587682,0.2662040681117518,0.2886607143897296,0.028486075596783976,0.17377812257564004,0.23864959254947612,0.22584400465657742,0.2227396197128444,0.23903764066744276,0.22000979603239618,0.02403480161708248,25,0.31839348079161817,0.3448443107963915,0.3277718498399457,0.35221650984576586,0.3097293626927927,0.3305911027933027,0.01589185035353816,0.17954980375579496,0.26374696808843207,0.24661857250205957,0.23731287472929047,0.24468197993477453,0.2343820398020703,0.028751641399139067,22,0.32199302571089206,0.35595977988035055,0.3607865719366301,0.34782378616876075,0.30549509012994014,0.33841165076531465,0.02121430384647752,8,20,balanced,0.1571996540211143
0.6484138488769531,0.015456349126822973,0.6517201900482178,0.015124065016321929,balanced,12,1,"{'clf__class_weight': 'balanced', 'clf__max_depth': 12, 'clf__min_samples_leaf': 1}",0.1494758187472331,0.12121333395433746,0.16287215996743296,0.11160226330882514,0.15193523040148868,0.13941976127586347,0.019560487993148263,19,0.43209053259136915,0.4782470825243836,0.42953122688382445,0.47451822116362097,0.47350959582782876,0.4575793317982054,0.021928202294585284,0.21838634600465476,0.220023282887078,0.2452464105549088,0.12650368645712068,0.2712456344586729,0.21628107207248704,0.048864116158479076,27,0.4182188591385332,0.4770588805897759,0.39450965176059755,0.3993597827141333,0.4775438936851295,0.4333382135776339,0.0367598278916893,0.2251103190450754,0.2449442932541524,0.24184942539837895,0.11420797833411592,0.2710642953364914,0.2194352622736428,0.05463268248914818,28,0.4258799695779432,0.5030942492222004,0.3975705882534842,0.3885754152643707,0.4733167461360356,0.43768739369080684,0.04406419697170634,12,1,balanced,0.31815957052234195
0.6248948097229003,0.022438716705930672,0.6659691333770752,0.019274985422617047,balanced,12,5,"{'clf__class_weight': 'balanced', 'clf__max_depth': 12, 'clf__min_samples_leaf': 5}",0.1466250496087614,0.13646279023917357,0.16836661686363819,0.11741818491248804,0.1599427880025197,0.14576308592531617,0.01790338211928806,12,0.4206858274654673,0.4661799112792227,0.4199537103722066,0.4643886098182426,0.464674059632872,0.4471764237136022,0.02193803530022818,0.21489526764934058,0.22894838960031044,0.24485836243694217,0.12883197516492045,0.2716336825766395,0.2178335354856306,0.04832855933741855,26,0.4087116802483508,0.4665825977301387,0.3878164710447182,0.39392763604617326,0.47269376273159375,0.42594642956019496,0.036366866184760434,0.22133290494599855,0.2548730251880083,0.2433515303392001,0.11468199811218291,0.27343439529001046,0.22153477077508005,0.056033092018078476,27,0.41597437078523875,0.4915955481483174,0.38986493878570844,0.38164896664611964,0.4681933292974873,0.4294554307325743,0.043351177644940196,12,5,balanced,0.30141333778828605
0.5425407886505127,0.004426433646107915,0.6519465923309327,0.016182104108791222,balanced,12,20,"{'clf__class_weight': 'balanced', 'clf__max_depth': 12, 'clf__min_samples_leaf': 20}",0.10106582874278065,0.17479664162067102,0.1433281613030673,0.09693442256678161,0.16058798272019056,0.13534260739069823,0.03132987417715122,21,0.3607359774327546,0.40345407946575723,0.4034600124016055,0.3541133791492423,0.38747323332425926,0.3818473363547238,0.02088287187286826,0.143522110162917,0.2475746992627086,0.23205277454404347,0.10011641443538999,0.2603802871556073,0.19672925711213324,0.06332377966199088,29,0.3802871556072953,0.4228344165292463,0.3851003977107382,0.31952662721893493,0.41264914152682125,0.3840795477186072,0.03605735837402838,0.17562785365385544,0.2707594966121289,0.23191114391964557,0.10055416685808422,0.26631704062599854,0.20903394033394251,0.06402904372466299,29,0.3878558260196378,0.43780403668970547,0.3855821460808809,0.302022122751888,0.41183617262011923,0.3850200608324462,0.045611987872392214,12,20,balanced,0.24650472896402556
0.9799300193786621,0.026165211620347784,0.6604550838470459,0.02223793950671482,balanced,20,1,"{'clf__class_weight': 'balanced', 'clf__max_depth': 20, 'clf__min_samples_leaf': 1}",0.1518919803294439,0.14602811605387084,0.17732289184262143,0.13545908985652438,0.20276488206783455,0.162693392030059,0.02431401123460052,4,0.6540136716034459,0.757187708767094,0.6531505141331303,0.6932777405024243,0.6749009454021114,0.6865061160816411,0.038326955417474835,0.2265321955003879,0.306558013193636,0.2848273185875049,0.24990298797050833,0.31703531237873495,0.27697116552615436,0.03411454965932109,15,0.5994373302289484,0.7274226404112911,0.6139295760985547,0.6593268018236492,0.6444854011058299,0.6489203499336547,0.0446396597544266,0.2411411238090356,0.28098162725056897,0.2849814610687506,0.24870742997555784,0.31835560337552093,0.2748334490958868,0.027758608801862393,13,0.612226725949323,0.7267133493671053,0.6226492707553166,0.6636408022414235,0.6450553417054599,0.6540570980037256,0.04046737328817697,20,1,balanced,0.5238127240515822
0.8958191394805908,0.014709243550194468,0.652798843383789,0.012159291236784513,balanced,20,5,"{'clf__class_weight': 'balanced', 'clf__max_depth': 20, 'clf__min_samples_leaf': 5}",0.1648211138464756,0.1754955668253622,0.20033885498175433,0.1443183443258327,0.1983964658278353,0.17667406916145204,0.021074434521219255,1,0.6049575886962492,0.6897123712394798,0.6275725989957293,0.6390041337779977,0.6290117016017825,0.6380516788622477,0.02813000325238298,0.22847168347556246,0.3189755529685681,0.323244082266201,0.25417151726814124,0.3061699650756694,0.28620656021082846,0.037957034731740384,14,0.5619906868451688,0.6776602968280143,0.5990881753807353,0.6245998641963333,0.6086914346687361,0.6144060915837976,0.037735071208436166,0.24953665915104783,0.3011795166682195,0.31498779160831275,0.2545763389837812,0.31269428496267115,0.28659491827480654,0.028630566522640146,5,0.5712943965006491,0.6741466022239411,0.606313545215196,0.6249216737394404,0.6079025465430908,0.6169157528444635,0.03350945460364157,20,5,balanced,0.46137760970079567
0.7383771896362304,0.01604952910775895,0.655029010772705,0.01753297194119598,balanced,20,20,"{'clf__class_weight': 'balanced', 'clf__max_depth': 20, 'clf__min_samples_leaf': 20}",0.10902472384524974,0.171650809900204,0.17159186177925903,0.1421564483227605,0.14717500704294553,0.14831977017808376,0.023105520324096122,11,0.45623808785856657,0.5101128990524745,0.46507977535755807,0.47646732091998656,0.4615793649850194,0.47389548963472106,0.019284722674599977,0.14197051978277736,0.2828870779976717,0.2603802871556073,0.21924718665114473,0.1738455568490493,0.21566612568725008,0.05236571200803724,28,0.45576251455180444,0.5307983315549519,0.46153846153846156,0.48055097487632165,0.4433019691531671,0.4743904503349413,0.0306544234853987,0.17338213943833586,0.27488507763784803,0.2670054580456748,0.2331750291349953,0.19314127650034818,0.22831779615144043,0.03986013927069799,23,0.4594726953359002,0.5243991013949031,0.46493424203869704,0.48110228384091525,0.4419151887047885,0.4743647022630408,0.027973246084547095,20,20,balanced,0.3255757194566373
2.076046323776245,0.06114067413193583,0.6561394691467285,0.018199539297135626,balanced,,1,"{'clf__class_weight': 'balanced', 'clf__max_depth': None, 'clf__min_samples_leaf': 1}",0.17547288847147485,0.1451484239681677,0.16425508528281269,0.14484706683365675,0.18443354268957046,0.1628314014491365,0.015903525144570118,3,1.0,1.0,1.0,1.0,1.0,1.0,0.0,0.3013964313421257,0.26542491268917345,0.2801707411719053,0.24058983313930926,0.2956926658905704,0.27665491684661686,0.021971539341018496,16,1.0,1.0,1.0,1.0,1.0,1.0,0.0,0.29015330263054495,0.2603809390051251,0.28027017177828356,0.24251552414461264,0.3011533049608919,0.2748946485038916,0.021025200464420617,12,1.0,1.0,1.0,1.0,1.0,1.0,0.0,,1,balanced,0.8371685985508635
1.6661072254180909,0.05320289312346182,0.658867073059082,0.009044708680767002,balanced,,5,"{'clf__class_weight': 'balanced', 'clf__max_depth': None, 'clf__min_samples_leaf': 5}",0.16172642293814482,0.1672858875315997,0.16454422941388056,0.15250173919859059,0.1711809902329029,0.1634478538630237,0.006301026750948373,2,0.8115273027096136,0.8077900144630169,0.7994045305359687,0.8031624081139059,0.816172140999279,0.8076112793643567,0.00592956522425903,0.24941815360744762,0.25223127667830814,0.24912689173457508,0.2091579355840124,0.24718665114474195,0.241424181749817,0.016213237327092,19,0.8219829258828095,0.8173440682898439,0.8081288194781259,0.8175380735279852,0.8238432437675818,0.8177674261892693,0.005437289228972683,0.2627099851961251,0.2651728819417173,0.26602277940281593,0.22535809558459952,0.26605275684736585,0.2570632997945247,0.015899389708891543,18,0.8237014328377591,0.8185544434003541,0.8093392245773561,0.8198006412455129,0.8249218014454248,0.8192635087012814,0.005495346172226192,,5,balanced,0.644163425501333
1.016183853149414,0.03459241259688966,0.6565178394317627,0.012961669554558887,balanced,,20,"{'clf__class_weight': 'balanced', 'clf__max_depth': None, 'clf__min_samples_leaf': 20}",0.13989131948099828,0.15415725310536982,0.1429974422237616,0.12895475876289222,0.1619941155089509,0.14559897781639458,0.011475364873450354,14,0.5211487589548823,0.535313789308048,0.5232636130226357,0.5147346193033201,0.5210208344953016,0.5230963230168376,0.00674259914119179,0.1613653995345229,0.19402405898331393,0.1726814124951494,0.15095071788901823,0.19402405898331393,0.17460912957706368,0.017278378916368332,30,0.5194024058983314,0.540692598700165,0.5250751770297798,0.5130468522650111,0.5237171403627898,0.5243868348512154,0.009167769384120575,0.17956010372041734,0.21127469678275498,0.18922621899614125,0.16834727224219595,0.21610127279665312,0.19290191290763253,0.01827684033365725,30,0.5155668653427556,0.5416628556442924,0.5234448254922905,0.5067677751057026,0.5230809852850734,0.5221046613740229,0.011517248531751232,,20,balanced,0.37749734520044304
