rank_test_macro_f1,mean_test_macro_f1,std_test_macro_f1,mean_test_accuracy,mean_test_weighted_f1,mean_train_macro_f1,mean_fit_time,param_model__min_samples_leaf,param_model__max_leaf_nodes,param_model__max_iter,param_model__max_depth,param_model__learning_rate,param_model__l2_regularization,param_model__class_weight
1,0.16625876644099016,0.0107803066429352,0.27766691262113713,0.27222142286804535,0.9767288552801349,55.01387209892273,40,15,200,,0.1,0.5,balanced
2,0.16547006348015775,0.014876579691434714,0.2474798096065541,0.25512609683854093,0.8980051633775649,50.819270277023314,40,31,100,8,0.05,2.0,balanced
3,0.16402128719267112,0.014492271385081926,0.24026124157937087,0.25109848744722474,0.8726850214878551,44.370416498184206,20,15,100,,0.1,1.0,balanced
4,0.15956749787481672,0.011261809886197405,0.27378585945433026,0.26638151312534614,0.9809443889881939,53.71257905960083,60,31,100,8,0.1,0.5,balanced
5,0.15486353066896505,0.010874269834157752,0.3161580647326878,0.28117174140517226,0.9997350836475654,69.13711547851562,60,31,200,,0.08,0.5,balanced
6,0.15282786290630887,0.007011449328244313,0.31600263475339674,0.27965576397838987,0.9997351366669293,67.53333601951599,60,31,200,,0.08,0.0,balanced
7,0.1361645960307607,0.008769919790512112,0.37335190184218997,0.2826673953600355,0.9998187448299382,45.23780550956726,20,31,200,8,0.08,2.0,
8,0.13499903721347745,0.013407527579366132,0.37374049184271074,0.2824392077470549,0.9998899188866073,35.98770809173584,40,31,150,,0.1,1.0,
9,0.133294649849047,0.009836401445632402,0.36768679067949966,0.2782755092364667,0.9999311150962635,34.71303882598877,60,31,150,,0.1,1.0,
10,0.13305454282830453,0.010523101333340161,0.3731968632225214,0.2806919285876553,0.9907686532338973,26.018164730072023,20,31,100,8,0.1,1.0,
11,0.1328832585263808,0.00975602703418308,0.3786290250960863,0.28050044059429574,0.8722165189125844,20.345223140716552,20,15,100,8,0.1,0.5,
12,0.13071622111681322,0.008275400182895827,0.3808787709381161,0.2780514063258913,0.8905963400076047,23.730593967437745,60,31,100,8,0.05,0.0,
