configuration,cv_macro_f1_mean,cv_macro_f1_std,cv_accuracy_mean,cv_weighted_f1_mean,mean_fit_seconds,parameters
Baseline HGB,0.16864454980779034,0.010716666576528628,0.2453056262762463,0.25566474729216104,45.35960283279419,"{""learning_rate"": 0.1, ""max_iter"": 100, ""max_leaf_nodes"": 15, ""min_samples_leaf"": 30, ""l2_regularization"": 1.0, ""class_weight"": ""balanced""}"
Tuned HGB rank 1,0.16625876644099016,0.0107803066429352,0.27766691262113713,0.27222142286804535,55.01387209892273,"{""model__class_weight"": ""balanced"", ""model__l2_regularization"": 0.5, ""model__learning_rate"": 0.1, ""model__max_depth"": null, ""model__max_iter"": 200, ""model__max_leaf_nodes"": 15, ""model__min_samples_leaf"": 40}"
Tuned HGB rank 2,0.16547006348015775,0.014876579691434714,0.2474798096065541,0.25512609683854093,50.819270277023314,"{""model__class_weight"": ""balanced"", ""model__l2_regularization"": 2.0, ""model__learning_rate"": 0.05, ""model__max_depth"": 8, ""model__max_iter"": 100, ""model__max_leaf_nodes"": 31, ""model__min_samples_leaf"": 40}"
Tuned HGB rank 3,0.16402128719267112,0.014492271385081926,0.24026124157937087,0.25109848744722474,44.370416498184206,"{""model__class_weight"": ""balanced"", ""model__l2_regularization"": 1.0, ""model__learning_rate"": 0.1, ""model__max_depth"": null, ""model__max_iter"": 100, ""model__max_leaf_nodes"": 15, ""model__min_samples_leaf"": 20}"
Tuned HGB rank 4,0.15956749787481672,0.011261809886197405,0.27378585945433026,0.26638151312534614,53.71257905960083,"{""model__class_weight"": ""balanced"", ""model__l2_regularization"": 0.5, ""model__learning_rate"": 0.1, ""model__max_depth"": 8, ""model__max_iter"": 100, ""model__max_leaf_nodes"": 31, ""model__min_samples_leaf"": 60}"
Tuned HGB rank 5,0.15486353066896505,0.010874269834157752,0.3161580647326878,0.28117174140517226,69.13711547851562,"{""model__class_weight"": ""balanced"", ""model__l2_regularization"": 0.5, ""model__learning_rate"": 0.08, ""model__max_depth"": null, ""model__max_iter"": 200, ""model__max_leaf_nodes"": 31, ""model__min_samples_leaf"": 60}"
Tuned HGB rank 6,0.15282786290630887,0.007011449328244313,0.31600263475339674,0.27965576397838987,67.53333601951599,"{""model__class_weight"": ""balanced"", ""model__l2_regularization"": 0.0, ""model__learning_rate"": 0.08, ""model__max_depth"": null, ""model__max_iter"": 200, ""model__max_leaf_nodes"": 31, ""model__min_samples_leaf"": 60}"
Tuned HGB rank 7,0.1361645960307607,0.008769919790512112,0.37335190184218997,0.2826673953600355,45.23780550956726,"{""model__class_weight"": null, ""model__l2_regularization"": 2.0, ""model__learning_rate"": 0.08, ""model__max_depth"": 8, ""model__max_iter"": 200, ""model__max_leaf_nodes"": 31, ""model__min_samples_leaf"": 20}"
Tuned HGB rank 8,0.13499903721347745,0.013407527579366132,0.37374049184271074,0.2824392077470549,35.98770809173584,"{""model__class_weight"": null, ""model__l2_regularization"": 1.0, ""model__learning_rate"": 0.1, ""model__max_depth"": null, ""model__max_iter"": 150, ""model__max_leaf_nodes"": 31, ""model__min_samples_leaf"": 40}"
Tuned HGB rank 9,0.133294649849047,0.009836401445632402,0.36768679067949966,0.2782755092364667,34.71303882598877,"{""model__class_weight"": null, ""model__l2_regularization"": 1.0, ""model__learning_rate"": 0.1, ""model__max_depth"": null, ""model__max_iter"": 150, ""model__max_leaf_nodes"": 31, ""model__min_samples_leaf"": 60}"
Tuned HGB rank 10,0.13305454282830453,0.010523101333340161,0.3731968632225214,0.2806919285876553,26.018164730072023,"{""model__class_weight"": null, ""model__l2_regularization"": 1.0, ""model__learning_rate"": 0.1, ""model__max_depth"": 8, ""model__max_iter"": 100, ""model__max_leaf_nodes"": 31, ""model__min_samples_leaf"": 20}"
Tuned HGB rank 11,0.1328832585263808,0.00975602703418308,0.3786290250960863,0.28050044059429574,20.345223140716552,"{""model__class_weight"": null, ""model__l2_regularization"": 0.5, ""model__learning_rate"": 0.1, ""model__max_depth"": 8, ""model__max_iter"": 100, ""model__max_leaf_nodes"": 15, ""model__min_samples_leaf"": 20}"
Tuned HGB rank 12,0.13071622111681322,0.008275400182895827,0.3808787709381161,0.2780514063258913,23.730593967437745,"{""model__class_weight"": null, ""model__l2_regularization"": 0.0, ""model__learning_rate"": 0.05, ""model__max_depth"": 8, ""model__max_iter"": 100, ""model__max_leaf_nodes"": 31, ""model__min_samples_leaf"": 60}"
