mean_fit_time,std_fit_time,mean_score_time,std_score_time,param_clf__min_samples_leaf,param_clf__max_features,param_clf__max_depth,param_clf__class_weight,params,split0_test_macro_f1,split1_test_macro_f1,split2_test_macro_f1,split3_test_macro_f1,split4_test_macro_f1,mean_test_macro_f1,std_test_macro_f1,rank_test_macro_f1,split0_train_macro_f1,split1_train_macro_f1,split2_train_macro_f1,split3_train_macro_f1,split4_train_macro_f1,mean_train_macro_f1,std_train_macro_f1,split0_test_accuracy,split1_test_accuracy,split2_test_accuracy,split3_test_accuracy,split4_test_accuracy,mean_test_accuracy,std_test_accuracy,rank_test_accuracy,split0_train_accuracy,split1_train_accuracy,split2_train_accuracy,split3_train_accuracy,split4_train_accuracy,mean_train_accuracy,std_train_accuracy,split0_test_weighted_f1,split1_test_weighted_f1,split2_test_weighted_f1,split3_test_weighted_f1,split4_test_weighted_f1,mean_test_weighted_f1,std_test_weighted_f1,rank_test_weighted_f1,split0_train_weighted_f1,split1_train_weighted_f1,split2_train_weighted_f1,split3_train_weighted_f1,split4_train_weighted_f1,mean_train_weighted_f1,std_train_weighted_f1,max_depth,min_samples_leaf,max_features,class_weight,gap,weight_label
4.610918569564819,0.024959082419890515,0.7142141819000244,0.006398766369416316,1,log2,16,,"{'clf__min_samples_leaf': 1, 'clf__max_features': 'log2', 'clf__max_depth': 16, 'clf__class_weight': None}",0.08263421166646974,0.08265700102434796,0.08260098522167489,0.08265700102434796,0.08265700102434796,0.0826412399922377,2.1977599121411285e-05,13,0.0846365188723169,0.08280442047085301,0.0828183303782239,0.08413404667157343,0.0828043293243254,0.08343952914345852,0.0007883994863044715,0.40690457719162143,0.4070624757469926,0.406674427629026,0.4070624757469926,0.4070624757469926,0.4069532864123251,0.0001522509386637826,4,0.40812960807140086,0.40702298962071976,0.40711999223979045,0.4077990105732855,0.40702298962071976,0.40741891802518326,0.0004587866421356154,0.2353696727179547,0.23552594432354954,0.2351419587063279,0.23552594432354954,0.23552594432354954,0.23541789287898623,0.00015065868417532175,9,0.2379374884046945,0.23560098595292908,0.23569699338264347,0.23727422875031293,0.23560098601481924,0.23642213650107982,0.0009896222995690446,16,1,log2,,0.0007982891512208212,None (Unweighted)
1.385777997970581,0.009306577032288967,0.6870019912719727,0.01549879018655424,5,sqrt,,,"{'clf__min_samples_leaf': 5, 'clf__max_features': 'sqrt', 'clf__max_depth': None, 'clf__class_weight': None}",0.10381347494407325,0.12445517108655377,0.10870638583436033,0.11481381900373433,0.12241254419542079,0.11484027901282849,0.007861311636267083,9,0.730191314443602,0.730895745507076,0.7364529427985325,0.7449973930571158,0.7363488487209213,0.7357772489054495,0.005307091218437652,0.3991466252909232,0.406674427629026,0.40124175397749323,0.406674427629026,0.3973612727978269,0.4022197014648591,0.003839106093009785,7,0.7795886689949554,0.7947424580463672,0.7891163061402657,0.8003686099524687,0.783587156853235,0.7894806399974584,0.007469291692873336,0.2549555858709942,0.277447774373097,0.2648334451118597,0.27213752654024825,0.27149037755452404,0.2681729418901447,0.007727827214568261,3,0.772365245436004,0.7874457169759811,0.7825506872972768,0.7937073149255055,0.7772257885290256,0.7826589506327586,0.007489603776473018,,5,sqrt,,0.620936969892621,None (Unweighted)
0.5836622238159179,0.015179639122192745,0.694289255142212,0.02607764069632809,1,sqrt,8,balanced_subsample,"{'clf__min_samples_leaf': 1, 'clf__max_features': 'sqrt', 'clf__max_depth': 8, 'clf__class_weight': 'balanced_subsample'}",0.14990674001723486,0.15646975247538703,0.16898643994472234,0.1381479785172708,0.16937364187221102,0.1565769105653652,0.011848045796564177,7,0.5372676700018408,0.5424219017926105,0.5155091980997905,0.532823753195992,0.5373635435986078,0.5330772133377684,0.009294677594428018,0.212955779674166,0.2297244858362437,0.22778424524641055,0.1936360108653473,0.2351571594877765,0.21985153622198883,0.01502977270751314,13,0.5219247186651145,0.5218740906004462,0.48249102725773596,0.5045106217867883,0.5136288679794354,0.5088858652579041,0.014676729874372489,0.21941120042006446,0.227621066861176,0.234620323414742,0.20069487627505217,0.24773411810756785,0.2260163170157205,0.01570394828615611,13,0.5286477736718762,0.5244996299296434,0.4773978984913822,0.5051626416237024,0.5150478196067902,0.5101511526646789,0.018273708091110483,8,1,sqrt,balanced_subsample,0.37650030277240315,balanced_subsample
0.3878936290740967,0.006100061078634003,0.6811832904815673,0.01139508026799257,1,log2,12,,"{'clf__min_samples_leaf': 1, 'clf__max_features': 'log2', 'clf__max_depth': 12, 'clf__class_weight': None}",0.08263421166646974,0.08265700102434796,0.08260098522167489,0.08265700102434796,0.08265700102434796,0.0826412399922377,2.1977599121411285e-05,13,0.08264299997044947,0.08263730202505713,0.08265130250652485,0.08263730202505713,0.08263730202505713,0.08264124171042915,5.4931677358272595e-06,0.40690457719162143,0.4070624757469926,0.406674427629026,0.4070624757469926,0.4070624757469926,0.4069532864123251,0.0001522509386637826,4,0.406965463717501,0.40692598700164906,0.40702298962071976,0.40692598700164906,0.40692598700164906,0.40695328286863364,3.805942046023248e-05,0.2353696727179547,0.23552594432354954,0.2351419587063279,0.23552594432354954,0.23552594432354954,0.23541789287898623,0.00015065868417532175,9,0.23542992764185572,0.2353908598278982,0.2354868616957656,0.2353908598278982,0.2353908598278982,0.2354178737642632,3.766666678056922e-05,12,1,log2,,1.7181914502284457e-09,None (Unweighted)
0.47675237655639646,0.012054769633425631,0.6917938709259033,0.010960964938369308,3,log2,8,balanced_subsample,"{'clf__min_samples_leaf': 3, 'clf__max_features': 'log2', 'clf__max_depth': 8, 'clf__class_weight': 'balanced_subsample'}",0.15628474357615665,0.1547912872952641,0.18889179721062796,0.16075479962830608,0.14527154112117488,0.16119883376630595,0.014737577655933781,5,0.49726821300986535,0.4842914661087216,0.4769987843539261,0.48776780479884746,0.4833204585695317,0.48592934536817844,0.006651221110441387,0.1939487975174554,0.1920838183934808,0.24136592937524254,0.19674039580908032,0.17345750873108265,0.19951928996526835,0.02246951956470924,15,0.49447031431897553,0.4788049277330488,0.46435153749151226,0.4807449801144631,0.4677466291589873,0.47722367776339736,0.010656949278511052,0.20355859188011147,0.19518021421289375,0.2589076895389026,0.21099761237462789,0.16649513507722719,0.20702784861675258,0.03000859866288456,15,0.4957875206776677,0.47582055567426174,0.4557346557681701,0.4781079626388704,0.45406378030516736,0.47190289501282745,0.015517552940312415,8,3,log2,balanced_subsample,0.3247305116018725,balanced_subsample
0.3492729663848877,0.006020290644507431,0.6861130237579346,0.01649118220391117,1,log2,8,,"{'clf__min_samples_leaf': 1, 'clf__max_features': 'log2', 'clf__max_depth': 8, 'clf__class_weight': None}",0.08263421166646974,0.08265700102434796,0.08260098522167489,0.08265700102434796,0.08265700102434796,0.0826412399922377,2.1977599121411285e-05,13,0.08264299997044947,0.08263730202505713,0.08265130250652485,0.08263730202505713,0.08263730202505713,0.08264124171042915,5.4931677358272595e-06,0.40690457719162143,0.4070624757469926,0.406674427629026,0.4070624757469926,0.4070624757469926,0.4069532864123251,0.0001522509386637826,4,0.406965463717501,0.40692598700164906,0.40702298962071976,0.40692598700164906,0.40692598700164906,0.40695328286863364,3.805942046023248e-05,0.2353696727179547,0.23552594432354954,0.2351419587063279,0.23552594432354954,0.23552594432354954,0.23541789287898623,0.00015065868417532175,9,0.23542992764185572,0.2353908598278982,0.2354868616957656,0.2353908598278982,0.2353908598278982,0.2354178737642632,3.766666678056922e-05,8,1,log2,,1.7181914502284457e-09,None (Unweighted)
0.7343343734741211,0.010697481196932474,0.6862372398376465,0.014430174988351188,1,sqrt,16,balanced_subsample,"{'clf__min_samples_leaf': 1, 'clf__max_features': 'sqrt', 'clf__max_depth': 16, 'clf__class_weight': 'balanced_subsample'}",0.1702369495013651,0.1625266013420791,0.18962794169260144,0.15038482575705855,0.1811137104996421,0.17077800575854926,0.013757958311491588,1,0.7785056393867881,0.8018895026335687,0.7701646083230907,0.7823814102497744,0.79631027989542,0.7858502880977284,0.011650625386974797,0.2626066718386346,0.256499805975941,0.2848273185875049,0.22894838960031044,0.26426076833527357,0.2594285908675329,0.017978687147639557,10,0.7472836631742336,0.7688427587544864,0.7319817635076147,0.7450771170821612,0.7701037928024057,0.7526578190641803,0.014698041637589148,0.26043839231523463,0.24557163901915643,0.28822342853895194,0.2352871179600627,0.2766311055675913,0.2612303366801994,0.019414856560355596,4,0.7528918939046182,0.7771298765591539,0.7412947968354429,0.7545425507468823,0.7763183259557979,0.7604354888003789,0.014063895125434888,16,1,sqrt,balanced_subsample,0.6150722823391791,balanced_subsample
0.48737249374389646,0.009745232916777922,0.679654312133789,0.015056469119502537,1,log2,12,balanced_subsample,"{'clf__min_samples_leaf': 1, 'clf__max_features': 'log2', 'clf__max_depth': 12, 'clf__class_weight': 'balanced_subsample'}",0.17674151573796412,0.16812266836750084,0.182277261798535,0.1551516894969209,0.16662755754143893,0.16978413858847197,0.009287801440175034,2,0.7686251566898791,0.7572764969128295,0.7582319610106694,0.7571981303110269,0.7761654484247125,0.7634994386698233,0.007653477645689343,0.23972071373157486,0.23321691889794335,0.26426076833527357,0.22235157159487776,0.23205277454404347,0.2383205494207426,0.014108123310010516,11,0.7597982149786574,0.7464351537491513,0.7367348918420797,0.7342128237462412,0.7610825492288292,0.7476527267089919,0.011217714668904406,0.24661310627282285,0.2317931282399184,0.2728691696582227,0.23308364896000486,0.24191188723096593,0.24525418807238694,0.01486557765897719,6,0.7650204998218664,0.7548577961028858,0.7447538291689245,0.7421927705727844,0.767259657089819,0.754816910551256,0.01019383504043537,12,1,log2,balanced_subsample,0.5937153000813513,balanced_subsample
1.805241632461548,0.026298227028043655,0.6925811767578125,0.01687262187759725,3,sqrt,,balanced_subsample,"{'clf__min_samples_leaf': 3, 'clf__max_features': 'sqrt', 'clf__max_depth': None, 'clf__class_weight': 'balanced_subsample'}",0.15339172425332395,0.16771665455145307,0.17147686902876041,0.15533207906698207,0.17852114714767892,0.1652876948096397,0.009591229160199622,3,0.986272101967509,0.9876066224203137,0.983671259946791,0.9850053330541172,0.9878915611457686,0.9860893757068998,0.001587811773107286,0.32583397982932505,0.34031819945673264,0.3573923166472643,0.32673651532790066,0.3224679860302678,0.3345497994582981,0.012946336674804975,9,0.9855452076057432,0.9870016490445243,0.9840915704724028,0.9837035599961199,0.9879716752352313,0.9856627324708043,0.001639794693580355,0.2777496351695174,0.29829514011979336,0.3129812337294377,0.28812341229673294,0.302981608343756,0.2960262059318475,0.01214484119902385,1,0.9855519287853052,0.9870186532847545,0.9841321701848129,0.9837516431836273,0.9880042571299285,0.9856917305136855,0.0016324346959138744,,3,sqrt,balanced_subsample,0.8208016808972601,balanced_subsample
0.6668703079223632,0.013482571711822657,0.7030413150787354,0.018638778001088967,3,log2,,,"{'clf__min_samples_leaf': 3, 'clf__max_features': 'log2', 'clf__max_depth': None, 'clf__class_weight': None}",0.08676666740673818,0.09961941802782111,0.09951003572488007,0.10147244595023011,0.0851778942090581,0.09450929226374552,0.007023240834283348,10,0.5025066441348868,0.5241297291978134,0.5065501201522975,0.5249960734085445,0.49914167636689705,0.5114648486520879,0.010952239973780625,0.4072924747866563,0.41171905316259216,0.4163756305781917,0.41715172681412493,0.39930151338766007,0.410368079745845,0.006570569237867701,1,0.659778812572759,0.6713551265884179,0.6621398777767,0.6693180715879329,0.6556407022989621,0.6636465181649543,0.0058806693759058375,0.24108707856985495,0.25613750958014997,0.2564306130116404,0.2595170572823425,0.23777101680279522,0.2501886550493566,0.008926437494168838,5,0.6263886375430971,0.641470625811483,0.6302064233788672,0.6387209331935371,0.6212140585379908,0.631600135692995,0.007551226097443169,,3,log2,,0.41695555638834236,None (Unweighted)
2.4633391380310057,0.026758702284474592,0.7003047943115235,0.011390401739210744,1,sqrt,,,"{'clf__min_samples_leaf': 1, 'clf__max_features': 'sqrt', 'clf__max_depth': None, 'clf__class_weight': None}",0.10842429296047595,0.1288162995562137,0.12744233276453626,0.1200118639496153,0.14686163095743643,0.1263112840376555,0.012565812952092281,8,1.0,1.0,1.0,1.0,1.0,1.0,0.0,0.38363072148952676,0.3958090803259604,0.40124175397749323,0.3996895615056267,0.39037640667442763,0.3941495047946069,0.006459527682756184,8,1.0,1.0,1.0,1.0,1.0,1.0,0.0,0.25585184091430313,0.2803203626986106,0.28138384978196657,0.2760330457349991,0.2892560249653936,0.27656902481905454,0.01120449936895992,2,1.0,1.0,1.0,1.0,1.0,1.0,0.0,,1,sqrt,,0.8736887159623445,None (Unweighted)
0.6274917602539063,0.006890072509384192,0.6946080207824707,0.029924972364245135,3,sqrt,12,balanced_subsample,"{'clf__min_samples_leaf': 3, 'clf__max_features': 'sqrt', 'clf__max_depth': 12, 'clf__class_weight': 'balanced_subsample'}",0.155689694279781,0.15577191196651907,0.17531035052681726,0.14415427675047804,0.17088728446809723,0.1603627035983385,0.01131215661103668,6,0.561126403463949,0.5850589602950013,0.5485508263686076,0.5730245981287652,0.5755997405894961,0.5686721057691638,0.012627500332127482,0.22381691233514353,0.23321691889794335,0.24408226620100892,0.20023282887077998,0.23127667830811022,0.2265251209225972,0.014657624794960022,12,0.5400659681800544,0.5528179260840043,0.5070326898826268,0.5378795227471141,0.5465127558444078,0.5368617725476416,0.01580390566933391,0.22929919789752343,0.23073396385764028,0.24845118458289955,0.21100973944141224,0.24524219387827131,0.23294725593154936,0.013349149199248532,12,0.5437814038776249,0.5552404170876484,0.5035535250636919,0.5418901486868319,0.5469335518133598,0.5382798093058312,0.017954199432219146,12,3,sqrt,balanced_subsample,0.40830940217082534,balanced_subsample
0.5246773719787597,0.014369728837808345,0.6822021484375,0.008990506872297825,1,sqrt,12,,"{'clf__min_samples_leaf': 1, 'clf__max_features': 'sqrt', 'clf__max_depth': 12, 'clf__class_weight': None}",0.08456374425979288,0.09294286948005472,0.09419208181935525,0.09480706582319143,0.08577121273768343,0.09045539482401554,0.004375854397474085,11,0.13688385304594838,0.11997584480150385,0.1293562222249971,0.12418259814208212,0.12315395086406802,0.1267104938157199,0.005914251744580274,0.4072924747866563,0.41016686069072567,0.4136592937524253,0.41404734187039194,0.4055102832751261,0.4101352508750651,0.0033821896613570007,2,0.4347109041521149,0.42516247938694346,0.42991560772140847,0.42584149772043844,0.4274905422446406,0.4286242062451091,0.00345623560608692,0.2377314096585179,0.24782351289084256,0.2497748939909362,0.25081478844612176,0.23922287768418704,0.2450734965341211,0.005491159102486387,7,0.2917869695211074,0.2731197239609178,0.2825223631650957,0.2748777974135312,0.27768878406056774,0.279999127624244,0.006696444421518493,12,1,sqrt,,0.03625509899170434,None (Unweighted)
0.4821427345275879,0.013834371847091655,0.6844261169433594,0.013522866258970812,3,log2,12,balanced_subsample,"{'clf__min_samples_leaf': 3, 'clf__max_features': 'log2', 'clf__max_depth': 12, 'clf__class_weight': 'balanced_subsample'}",0.17097590915052294,0.14530834234421,0.17838563755702838,0.16955166455842566,0.15606695709887006,0.16405770214181142,0.011821382691330044,4,0.5577557537724257,0.553815121375979,0.5444983101298911,0.5487461076920038,0.5502507990730622,0.5510132184086723,0.004505053773165061,0.2117920868890613,0.19324796274738068,0.23282887077997672,0.20139697322467986,0.19285991462941404,0.20642516165410255,0.014892259189466992,14,0.5504462553356616,0.5483558056067513,0.5285672713163255,0.533514404888932,0.5353574546512756,0.5392482383597892,0.008607455680645457,0.22391400469553704,0.19517986592788308,0.24839137039345097,0.21017685697567964,0.19916495881751856,0.21536541136201387,0.019290538725851434,14,0.5511338187097723,0.5489751426333895,0.5253412553615843,0.5290363347610524,0.5281211552322047,0.5365215413396006,0.011137364445456502,12,3,log2,balanced_subsample,0.3869555162668609,balanced_subsample
0.45501008033752444,0.004848134881944617,0.6909294605255127,0.01901241364351464,5,sqrt,8,,"{'clf__min_samples_leaf': 5, 'clf__max_features': 'sqrt', 'clf__max_depth': 8, 'clf__class_weight': None}",0.08330050166784861,0.08392781331740076,0.08979027388670535,0.08531074425595453,0.08334611811433003,0.08513509024844786,0.002438247041675933,12,0.09727346308384509,0.08789657162658894,0.08981516408902301,0.08396846119164149,0.09295448933758213,0.09038162986573613,0.004510922330047971,0.4072924747866563,0.4074505238649593,0.4109429569266589,0.4086146682188591,0.4074505238649593,0.40835022953241856,0.0013805758825960923,3,0.41579355840124177,0.4100300708119119,0.4111941022407605,0.40770200795421474,0.4130371520031041,0.4115513782822465,0.0027372720077857397,0.23620863227978378,0.2370380114905698,0.2441874216750918,0.23886259320713715,0.23642852583596863,0.23854503689771023,0.002971426565695122,8,0.25385153508861236,0.24200920966307812,0.24448799662416743,0.2370658250729052,0.24837067281468625,0.24515704785268988,0.005687633859144897,8,5,sqrt,,0.0052465396172882706,None (Unweighted)
